X,Y,TARGET
0.9857260043750675,-1.6240364325154455,0
-1.1813074755730528,1.0711245421823588,0
1.7446172822330714,0.6642285352499817,0
-0.9167247882404679,-0.007836109256212698,0.8
1.4165300921902833,0.863420348978492,0
-1.8330704598596754,-0.0692451637219782,0
0.38545063154067005,-1.2148634974896781,0
-0.05631154672024019,0.3516430506561199,0.8
-0.6447296502855671,1.229399141600556,0
1.2067365469155638,0.9014171890679465,0
0.05688786137915214,0.6787530738419854,0.8
-0.1204039322167012,-0.81805514612538,0.8
1.5700481006588047,0.19991451005223748,0
-0.4379890816970633,-1.912779784853731,0
1.024943366918944,1.7039198361007966,0
0.5665522968840762,-1.5600061256557818,0
0.9194666884678715,-1.7095415469053101,0
-0.6475791739741052,-0.28596549388172354,0.8
0.6666904103470515,-0.5330474464942436,0.8
0.7644580039804332,1.3595334313431988,0
1.5405234027745038,0.477019633380094,0
1.5376170606282926,-1.966024023454973,0
0.5048364188142731,-1.763088961235558,0
-0.36846868024280655,-0.35064674162287135,0.8
1.3059960358277256,0.8997553736814927,0
-1.2304018740037024,-0.6801562832398895,0
-0.5506315596939779,1.6466923056992253,0
-1.189829638025305,-1.0127644711964576,0
1.4521803532441657,1.8712518021431097,0
-0.052565699682871614,1.673806123755302,0
1.763550596871204,-0.11576311080495705,0
0.7373857647217421,0.14837885765268632,0.8
0.5277195372364796,-1.1961619962852112,0
-0.7884046506876228,-1.3593749092111231,0
1.4124952780986604,-1.8968295935668893,0
1.8083077488521235,0.742996562181327,0
-1.670961738853375,0.2922207506290486,0
0.21558265330188942,-1.0408037427137442,0
-1.8516153520870722,0.440867406642913,0
1.172075753996105,-1.2986088253564705,0
-0.11651131075465715,-1.2048515489065217,0
0.22413175891681902,-1.2491884395249517,0
0.7704859202199916,-0.6580117584766874,0
1.4698085516771773,1.9929544410937865,0
-0.45592996572449396,-0.8994424806142862,0
1.3815489087770003,-1.5241860611896758,0
-0.16809091069131332,-0.8460799775082655,0.8
0.5727341039091018,-0.7998351682056635,0.8
0.9303735529319077,0.3804083732787156,0
1.0252744257510251,1.6729249762888796,0
0.11047390330604179,1.6605951315005636,0
-0.3509689502082045,1.6300173087343985,0
-1.1723392927720266,-0.5469600002520574,0
1.872611679431499,-1.7215307829694497,0
-1.8048895918436751,-1.8959086247309052,0
1.1633727833036946,1.8771936054407798,0
1.2304360462115493,1.9145912932780758,0
-0.4565587570198657,-1.3286715235696138,0
-1.02202128443043,-0.17531094130740232,0
0.375678413714843,-1.3779714681732154,0
-0.12645490181216967,-0.45660248014104043,0.8
1.7367543538475636,1.2188196492152312,0
1.1254265812252395,0.35126766170458623,0
-0.4587115439504026,-0.2967556697828422,0.8
-0.5789439823307192,1.56319888615644,0
-0.5548330740711238,1.1965908293707344,0
0.3387505669416102,0.8415461550243917,0.8
1.913281972938759,-0.27453509823700584,0
-0.1403609361240341,-0.7600458204015044,0.8
1.809707088778076,-1.2335891614114312,0
-0.8158953459999423,-1.277487008054964,0
0.6761490652859705,-0.4534461590962531,0.8
1.9780088258767172,1.0105087837772793,0
0.09397577577757721,0.5440084330300978,0.8
0.7438594189544379,-1.4613602372653247,0
-1.7831661264446694,-0.910307223192862,0
-1.1201863443095759,0.3405709290075931,0
-0.24238119460504937,1.0315117297438445,0
-1.7666570303415674,-1.1813042325765672,0
-1.984465049912986,0.7510437911438812,0
0.45027159738040856,0.7473878000884504,0.8
-0.8511921699999809,-1.0753394550921973,0
-0.8906494046883964,1.245593695271487,0
1.5155574175498852,-0.6431979661432274,0
-0.16620238588904135,-1.5781398156854878,0
0.3239289841397808,1.3904522717430488,0
-1.1268294621858428,-1.2002470105778111,0
-1.345871724379632,-0.2747624857860509,0
-1.764154243629822,-0.42612469301503486,0
-0.3668811830363521,0.1697107809990519,0.8
0.4375629944312469,0.32531244505116064,0.8
-1.6302020334268073,-1.201045477425029,0
-1.6680039370310173,0.8103047142995412,0
-0.4939191005526373,-1.643142804797093,0
-0.08405470524019165,-1.4728696095200102,0
-0.12427309011885468,0.8512709298747052,0.8
1.3371806432642526,-0.3214491346528865,0
-0.15100515298039818,-1.1845664483632632,0
-1.1000676615173521,-0.5250818665957278,0
-0.7607620348098996,-0.8031840848215874,0
0.5714231309535527,1.9835449496075697,0
-0.9437742628146668,1.1344717604595411,0
1.0592916147385325,-1.1626151532428688,0
-1.1598003470162555,1.2822279655033442,0
0.09560029776854284,1.47891528028735,0
-1.8793954418667878,-1.3839783950917712,0
1.709245501428462,1.0126971046650928,0
0.06997384018323238,-0.9899284153825616,0.8
1.28704098544595,0.8184484589381182,0
-1.106890312997257,-1.2654354163466874,0
0.3699625885286282,1.6891028153123444,0
-0.1558875581770831,0.38759983959469047,0.8
1.9652200507197772,-0.11646960916452187,0
0.34831169365850867,-1.7272713737071825,0
0.02145550231955351,-1.2744536413337961,0
-1.75923342039678,1.0883353935455808,0
0.9218407698154207,-1.7870177897984845,0
1.081422741908984,-0.32832217075593917,0
0.4879064908903823,-1.5362902051509502,0
1.755517058650744,1.2389345327474337,0
1.3621725893430217,-0.7712946116578494,0
-0.7709616211176948,0.6646521767873179,0
-0.6396558493489328,-0.40903505172640164,0.8
-1.8207576192733264,1.0950209669781144,0
1.4040278049594574,1.53738008817789,0
0.2613203894262388,1.6977188407048174,0
0.1541381457253168,-0.3642330001538161,0.8
-1.5345018282075866,0.1490629578153273,0
-0.7696206907157519,-1.6704235672108996,0
0.6831123234591665,0.15766914666196108,0.8
-1.2059621779683178,-0.31678185714267393,0
1.2826928809596332,0.1923870302797841,0
-0.9179853386502792,0.7505948447355899,0
-1.2131657022463487,0.7813484458266484,0
0.23350395967255055,0.5181493936509725,0.8
-1.915776323652421,0.3717121568106929,0
-1.2720976313309116,-0.274633685368912,0
0.6656133622882314,1.3815338422242665,0
-1.3838489193997696,1.9923175346148252,0
1.953496656452712,0.8406639061504975,0
-1.6423946577488664,-1.9679151129733627,0
1.0642772758009067,1.2948908215361286,0
-0.35530635961172274,1.2007259244703437,0
0.2516032686690495,0.9180854794210407,0.8
-0.9173122324827205,0.6070589926405097,0
1.2771480626321847,0.3246922187060144,0
-1.5079989168041616,1.8245791725678906,0
-1.6258424473529116,1.463154004822473,0
-0.8394063546706563,-1.3019750639045968,0
-0.13344809150030423,-0.1861240587689128,0.8
-0.24228768828117708,-1.5567341880876389,0
-0.5348318208371396,1.0607712494987922,0
0.6906864989404493,-1.9723220910829267,0
-1.2442987124859415,-1.7037520461141904,0
0.911435531295969,1.6325724041258027,0
0.8508866277556248,1.4337661111875697,0
-1.5775782472700994,0.9254840391501253,0
-0.2900089802768684,0.7888480481486804,0.8
0.6624633810559701,-1.6318204831570635,0
1.6825689229134522,-1.542899768235824,0
-0.3564875625006163,1.4133270660583288,0
0.195231461167106,0.5643726564581684,0.8
-0.7331293370833318,-0.6881386545085357,0
-1.9418838133522964,0.3571279248131205,0
0.3512985911480575,-0.44175766731613164,0.8
-0.9152305483592582,-0.7327657428206149,0
1.110421169441711,-1.7043314946014432,0
1.4819992799035404,-1.1251941343040048,0
-0.7572567099257328,-1.6463415039333515,0
1.2402296011901863,0.8923104183332073,0
1.2471078112475151,1.3221791641872307,0
1.1491905024870421,-1.0148595571558308,0
1.1618632328357923,-0.11836883093070005,0
1.3251352205051896,0.9894139165992084,0
-0.1312105614020509,1.1904069360744267,0
-0.28912614078107435,-1.8872430572801422,0
0.7458339570908463,-0.7103536030701374,0
-1.9228923276758887,1.1913366507916914,0
-1.4140329274331496,-1.3901771164121497,0
-0.2516825802826399,1.2740381617358443,0
1.6865718540860013,1.8129408406866676,0
1.573882980038737,1.1376922930632958,0
1.8195492495524084,-0.4707654517239934,0
-0.4232929986515801,1.7511893151573146,0
-1.6442305162728332,-0.7137547635324477,0
-0.32634145933221426,0.3377360295641503,0.8
-1.016770692793321,1.082313858139262,0
1.930470391937598,-0.22160416560625595,0
-0.12920045105686206,-0.33449111113210206,0.8
0.06778611634198439,-1.2161055700992378,0
-1.8244489183513126,-1.4883374721384461,0
1.4442505385404703,-0.5273251771751246,0
-1.280748460367645,-1.0433855659226485,0
0.8983779397091523,1.1160877776232745,0
-0.46550251714806423,1.2353469882226102,0
0.22936278942426114,0.0016558759790599176,0.8
1.4131170112480853,-0.3407795319782698,0
0.8912540583930784,0.4610621260188781,0
-1.8630562462355633,0.3345315703309928,0
1.532915470153264,-1.5254778420763095,0
0.1302233827429724,0.7108594956988452,0.8
0.5318317027629011,0.6720807205387507,0.8
-0.32237366778749577,-1.5289113510600219,0
-1.533154685188229,1.2419874698903555,0
1.1571556628783441,-1.264685436537183,0
-1.021823659746798,-0.9596241233087639,0
0.4252429415933334,1.551030373986023,0
-1.1536092602806751,0.7077553499298026,0
-0.4364622098820172,0.19032931496572347,0.8
0.9228966496919826,1.0849107205973665,0
-0.8401653961729707,0.8193096885474729,0
-0.22973501215160397,1.6557576481660035,0
-1.283225045840895,-1.7492645645296054,0
1.5046215536825853,0.1495088572322194,0
-1.684171278572118,-1.8746691193959348,0
0.17193316387990132,-0.08733820233607403,0.8
0.812209967296126,-0.24398229235835123,0.8
0.12747489508086352,0.13279171731362593,0.8
1.564817923386164,-1.069058496538811,0
1.8992195060123636,-1.1366295310160899,0
0.25187862709503683,0.032392029347814155,0.8
1.7719940460972774,-1.2260412660708906,0
0.6655731971583094,0.3677644289874902,0.8
0.5549890789245473,-0.04711292750100293,0.8
1.7032093486094482,-1.6264130259534597,0
-0.563503887934043,1.7516732315025831,0
-1.073711434103016,-1.694916719398242,0
0.297835184503068,-1.3010241228253157,0
-0.6821406119225122,-0.8650214479155287,0
-1.8989680717858404,1.8643304042103237,0
1.6437724325418568,1.8481297097484073,0
-1.5138713459054318,1.9470656826874677,0
-1.0645289896725472,1.9652417779508964,0
1.6573385963339184,1.1016259650208524,0
-1.6093651874086548,-0.16289595526080047,0
-1.9847803946302611,-0.7606557656339743,0
0.47106229964206214,0.7034039222859527,0.8
1.6759818472498598,1.9489629845963017,0
-1.6884312956255774,-1.3812672320536876,0
1.2016167859144025,1.510613938019044,0
1.2066900303534536,0.12413025544132861,0
1.1637218399319273,1.8175572962071245,0
1.3754601785000413,-1.181742441756199,0
-1.4841088402345455,-0.22486107390958576,0
-0.8253892029951753,-0.9169863122204012,0
-0.9244881406970595,-0.5397872956175478,0
1.487024033063519,-0.7831118088810038,0
-0.9711399631500446,1.595489057123598,0
0.09292033889168883,1.5253020031506344,0
1.0283458362029774,0.09309852526533158,0
-0.31339962855921577,0.7094940947048891,0.8
-1.411600458171685,-0.3308707157663968,0
0.5192335414724218,1.7511980560767397,0
1.9965245554873143,0.9132823137329105,0
0.7418723464464438,0.5858494139425385,0.8
-0.930465083582817,0.23252682088737497,0.8
1.7887124794915037,-1.4834578642536926,0
1.9707331613679728,1.0809010789515008,0
-0.015318512904369808,-1.2481675454849697,0
-0.4634757020507667,0.6555585528778942,0.8
-0.2086741799201941,0.9036190634503507,0.8
-0.546496474440977,-0.49744477239726326,0.8
-0.49672674550397256,0.6037217732959963,0.8
-0.707855326872878,-1.0261093501455414,0
1.5329471267517158,1.6987169027079396,0
-0.5095731756519917,-1.600686257082141,0
1.9510444510707994,0.49459833346045157,0
-1.72471822900651,-0.9109180636311374,0
1.432190190980556,0.5372189025496961,0
-0.2304480452891,-1.6925876537059894,0
-1.8601480972803213,0.18632557385821702,0
1.1669216240802998,-0.6801819934297408,0
0.7420937841959234,-0.48149552128916184,0.8
0.01762469226444141,0.9041442321259407,0.8
-1.1483412770299766,-0.6333657241970441,0
-1.7156028011956246,1.8716591134002076,0
-0.4575083660597148,-0.8534557126208733,0.8
-1.3533828950771158,-0.5580629884117156,0
-1.110893540339989,-1.251865475299485,0
0.5617522148484619,0.8394064094552691,0
-1.832251877566054,-0.5087556338602077,0
-0.09718802751516264,0.6605580918317902,0.8
-0.012242774758421948,-0.9897992347047779,0.8
-1.755619025425927,0.5552793936078393,0
-1.64283139637827,0.04799234305527467,0
-0.5558854061150607,-1.561925928270571,0
1.8166147957664078,1.5143398468590696,0
-1.3403227928684154,-1.8521528741766429,0
1.0663359837015811,0.10896445145305433,0
0.7381052792636202,0.616115916724401,0.8
-0.5653171322127015,1.3505604879677633,0
1.6608553105474946,0.7301790561025236,0
1.786627743097171,1.5914333488878918,0
-1.65808816907739,-1.7836218046776064,0
1.2719834021763723,0.531819107538825,0
-1.3279762063907814,0.6016070863710534,0
-1.7313564347193613,-0.1393450140438821,0
-1.2166441004605772,-1.6571515739317264,0
1.6309320756560646,1.1862191819224135,0
0.5421387340260329,-1.9810984685687019,0
1.4833227453272348,-1.831963496617787,0
-1.9249914847090475,-0.4644428483871841,0
-1.3623042421759943,0.35824642627304826,0
0.16339039040477177,-0.2218672931847343,0.8
0.16118262436426845,0.5849173346710379,0.8
1.9960183313200677,0.15748433096727865,0
1.1836464381747782,-0.69168954925208,0
-1.5475487741555938,-1.3971736568043225,0
1.3243413831552084,1.7633177535847548,0
1.8143804605675302,1.0637345086224448,0
-1.754010917396108,-0.5046542769975253,0
1.9871576718270383,-1.777634809299641,0
-0.6502251211175363,0.5433725224578789,0.8
1.373514086555116,-0.4905841223409779,0
0.3194037890885091,-1.665348071658166,0
0.9840322836977742,1.6062986974098812,0
0.3652593650343898,-0.9418250767970817,0
0.9495208256108079,-0.6290050981700999,0
-1.795698853609577,-0.05615895512550795,0
0.8631432152629461,0.2004092754574569,0.8
0.06854977120196848,-0.686993381682806,0.8
1.450652507929417,0.6664533768968686,0
1.0433129420243863,1.5482281908249642,0
0.9349082691669159,1.6938734301285328,0
-1.4097629322988636,-0.8876700484320392,0
0.3129514645314653,-0.577040109067708,0.8
0.9013204879011467,-1.6085021588745554,0
-1.21992416366801,-0.6734520328289788,0
1.2173547316518891,-1.711422868167948,0
1.3364778071053327,-1.909773866612447,0
-1.7008271168147884,1.1061935646317362,0
-1.549551839425857,0.6065901381247234,0
1.0902790002324436,0.15949227981602698,0
-0.1924101161344849,1.078359043601142,0
0.46939221586238444,-1.0347457255336874,0
-0.6993835265933841,0.5257590672119097,0.8
1.3954168792658024,0.12212493292396376,0
1.2548633839405805,0.3356439411385277,0
-0.5933051420514657,-0.11185230670147561,0.8
0.6795083401046202,0.8136170334603068,0
-0.7075886007491943,0.12941443571863864,0.8
-0.7292233629988045,-0.4522059193920138,0.8
0.002707505844584901,1.7878225890318822,0
-0.5834917821954742,0.3828768908034563,0.8
-1.7806747866804549,0.3635491814746521,0
1.7074072308521084,-1.4724961764927298,0
0.3607815813884465,-1.1939127457837042,0
-1.6660679814969654,1.6166983013174416,0
-1.84551002529905,-0.5185851608249821,0
-0.23506912056831064,-0.20928562739009182,0.8
-1.9983596026756674,1.7212832985278745,0
0.7828143471585975,-1.5415868534277561,0
-1.8226954961620745,0.26521397191923457,0
-1.3333699536294055,0.9652919725632176,0
1.1995571830678542,0.49707945451617874,0
-1.5742294386896245,-1.387883239934749,0
-0.6310734613363711,-1.9170364460949667,0
0.2804670997572307,0.6952844358098198,0.8
-0.8121220272835004,-1.6632987280525988,0
1.1358687580354965,1.814861788241489,0
-1.1610833220743086,1.6759756846111964,0
-0.33448040522699474,1.2192638014769934,0
1.7186185383126213,-1.1219685090204283,0
1.684983730519214,0.009337405180358527,0
0.6843214329572302,0.9650590137520556,0
-0.11578277589554276,1.798015932405432,0
-0.7575625065482479,0.6859880876699243,0
0.6243777197675189,-0.5298933639533709,0.8
-1.686551672636511,1.5197300254883657,0
-0.7797678982187239,0.8554759410253316,0
-0.20590482585806757,0.6508879617644441,0.8
0.5052770838547653,-1.0137628420409879,0
-1.9585715766555754,-0.2184578753030384,0
-1.448801172984187,1.069249040554253,0
-1.002388510987827,0.8960290960682986,0
-0.2830084021001391,1.954019064421829,0
1.0936525651037328,-1.4089153870656377,0
-0.8905147461190701,-1.73273228992367,0
-1.4804967211681572,-0.558995388285525,0
1.2140957466546958,-1.486675703466589,0
1.2905069651056875,0.9678842108400181,0
1.0489834524819015,1.83908112607643,0
1.8099184353435844,-0.6878326761687918,0
-1.971006274368516,-0.205764812115524,0
-0.9805978250578069,-0.7596212076263318,0
0.9603426099019714,0.5973204511000021,0
-0.46536588726140105,0.2356655072922602,0.8
-1.1419234584697087,-1.5993235821043204,0
1.833229669089289,-0.7890969370007692,0
-1.2103904064564723,0.772697235858594,0
-1.5802457543112602,1.4421324781438924,0
-0.34055060461810216,-0.1309798937304234,0.8
-1.5648960125129836,-0.2291824468972723,0
1.8094462275590248,-1.6749349204640178,0
1.9100195773178612,1.9569646664797826,0
-1.3567485912747483,1.090850112611998,0
-0.05277276753264859,1.0678774483909885,0
-0.2892562942111834,-0.14565427023050814,0.8
1.695286222453189,-0.4993274365293754,0
1.499375191727522,-0.9294215116235227,0
0.6796996346149826,0.20718838661826355,0.8
-0.5864325536992703,-0.8450382815195105,0
0.13746210104859724,0.6100265765213435,0.8
-0.5446402772289316,-0.6416290544755143,0.8
-1.349306020989097,1.991456225991211,0
-0.502668509162143,-1.2877780189651142,0
1.5043485233359548,-1.8745995538008122,0
1.8911944529419742,0.06137854702376755,0
1.8292700060324236,-0.75662147385539,0
0.5991789839480277,-1.1612014381079527,0
1.4317788494433272,-1.1262068196587007,0
-0.625501379525951,0.8843642846412139,0
-0.0744181294792714,1.3158517168596613,0
-0.8373439332122525,1.729050058482421,0
-0.9385097458980676,-0.09716790588036872,0.8
0.0021601508122013335,1.0060849119454311,0
1.3808529220374797,-0.6592892689369321,0
1.5714078584476914,0.8967501984664912,0
-0.6946636313120909,1.5352547092072966,0
0.5237258938353682,-0.6166936049653473,0.8
-0.994062962199127,0.4104298797926953,0
-1.5669148251690976,1.576324468184859,0
-0.8245641270727972,-1.082273388887939,0
-1.445874751784368,-0.8927263460900825,0
0.8396555550205766,-0.2596992633114006,0.8
-1.6436824314937661,-1.0645247289033306,0
-0.4166486077348619,0.7225557751108109,0.8
0.43596849055929576,0.14833434126654543,0.8
1.5493567989686827,-1.9820399509885696,0
-0.8178483724709755,1.0263418706271805,0
1.1106013703569109,-0.7503805356323441,0
0.5130301237850285,-0.8621545702102749,0
-1.4789129034586548,0.22155925119263298,0
-1.4732290070344423,1.7263903716554974,0
0.7193988776296987,0.3980567619974278,0.8
-1.8945347582998093,-0.6756658875099233,0
1.7258753965290827,1.9626670549823015,0
1.48366919786441,-0.4608213648842212,0
1.7756090838113465,1.3978778253493953,0
0.4448803005799875,0.6065868271448651,0.8
1.6034305907958575,1.7071822888625103,0
-1.5469829589583224,-1.0567049523263097,0
0.7242153613040117,-1.6200192412422765,0
1.4817461817303084,-1.524224281330476,0
0.640903938501491,0.6407534505756245,0.8
1.9294524257987309,1.5398565612840978,0
-0.8949637446408478,0.39557507614465726,0.8
-1.9445851516998958,-1.3049560668568891,0
0.4218479054884994,0.737572291724002,0.8
-0.8464714216817399,0.7957054853856205,0
1.580686593942005,-0.19172357242863702,0
-0.2125211813861143,1.5362944359384274,0
0.10439708676707848,0.34787600993151413,0.8
1.7213918964025896,1.9328974362503888,0
-0.6241083043793951,-1.0169986090121341,0
-1.8412508894912762,-0.517848727246522,0
-0.41645753377690475,1.6184113343347408,0
-1.8759542866572043,0.7383502615214184,0
0.8216116320988793,-0.9536993058847778,0
-0.9271653956665205,0.3085825103503268,0.8
-0.1650859345536948,-1.2578995293508566,0
-1.2891289755285937,0.9584809378731025,0
-0.5013109360583372,-0.11871387082631868,0.8
0.8590715377625742,-1.3562649744594637,0
0.16652651176824618,0.6083927209708433,0.8
0.9444094514049097,-1.776376334715403,0
-1.7839693799548968,0.3146392182572515,0
1.390730487623085,-1.9651021906374244,0
1.7707162700579215,-0.5870657503884891,0
1.0284041260295145,-1.9859272490165547,0
-1.4601214001867096,0.775690824670161,0
-0.8998330461940389,-1.5060628752957896,0
0.510239985462527,-1.5216782248590053,0
0.9749208852189435,-1.3256172919007798,0
-0.18765385851691319,0.39788310714298625,0.8
0.9398459957590495,1.9723147616420773,0
-1.583911407602164,1.9078163956847494,0
0.3428637051820824,1.945474052674943,0
1.2708630631590894,-0.7421712877067956,0
1.3251243257271765,0.5310201376997243,0
-1.6428221978092319,-1.823420801053409,0
-0.6255459123703515,0.9705519753749261,0
1.2853080571208433,-0.8598437809157065,0
-0.7731590475257546,-0.7210935356368657,0
1.4192252154351386,-1.0213429400458507,0
-0.9711622796711037,1.5012324695957147,0
-0.7919077109245314,-0.45766345079363857,0.8
-0.1416990068711188,-1.3389653729682096,0
0.3403763462209306,0.668615775359811,0.8
-1.294027325937237,-0.6440383601753199,0
-0.6155325838423531,1.3369268503566034,0
-0.7612131057970077,-1.6949482062183532,0
-0.5268257474336933,0.6818803481094107,0.8
-0.25949510599065606,0.9683514551986732,0
1.9397866278187328,-0.5560570449624507,0
0.24386974868325018,-0.796635150540907,0.8
-0.14926827006595644,1.393689840724997,0
-1.1504714159501512,-1.5454445546901798,0
1.0524752934845334,-0.3060701734055655,0
-0.8698525535232937,0.22635093646475957,0.8
-1.3743323108215835,-1.9195950774482942,0
-0.5764530910137995,-1.1783679040457482,0
-1.8473536716553385,-0.78008525207128,0
-1.6723354704589086,1.7190181591813607,0
0.054700014125047325,1.7347723198218832,0
0.15280272250622495,1.573305491146637,0
-0.035068119393655284,-1.3766182656988968,0
-0.11162882136300789,-0.9234723887177152,0.8
-0.6434954963428794,0.04346843384696619,0.8
1.2345099994086866,-0.7401936160288716,0
1.9521472326222882,-0.28116860921418274,0
1.8496263410783764,-1.683440595804433,0
1.7966203610364646,1.8117605825994816,0
-1.6586998777273534,1.580636258668903,0
1.8906585690489552,-0.7567747389063886,0
0.7037899227669335,-1.3436440477745388,0
0.9535642972669467,-0.8367570738824983,0
-1.480060675929832,-0.9771286081451178,0
1.777151143790967,-0.7655288797868329,0
-1.93442318327752,0.09951090784843242,0
-0.6669419513965673,1.9431407915370347,0
0.9762079594016759,-0.34360691257214304,0
0.8061390661071082,0.2315307583201731,0.8
-0.6882875491461804,1.7490536638486298,0
-1.4192404814384334,0.34571923349851064,0
-1.9231929157749108,1.972178830664829,0
-0.18038648823576153,-1.844830609149994,0
0.9718029753971082,0.47517605680839425,0
-1.9392732591938935,0.8618164361245313,0
-1.3192751839535726,1.9691648451463526,0
-1.6882152060582953,-1.09642432191752,0
0.9253282334726891,-0.11330759186954742,0.8
0.11536756386621283,-0.1505671559795867,0.8
-1.7281857915544614,-1.0796708658242267,0
-0.6819279336390371,1.714993483222166,0
0.3432381596265923,1.6053557762002377,0
-1.0761720895154618,1.9149359153893655,0
0.46014074267077865,0.964459497227431,0
-1.308086423896401,0.9759054702799728,0
0.3794680679464002,0.6354160653493097,0.8
0.9015117360648812,0.005791797519484554,0.8
0.061999477261678315,-1.41218596748767,0
-1.4160335065880543,-0.7131233590067567,0
-0.45539646526447486,0.12875206463012034,0.8
-0.6054583150484008,1.1198160472723293,0
-1.7454093198371563,0.6273656686540137,0
0.43888857641253676,-1.5498308159056098,0
-0.8323756677798921,1.0818221256071392,0
0.17794303842540016,1.6924931462941393,0
1.2906437071605472,0.2736712397403376,0
0.27147221835620305,-1.9990526841972978,0
-1.0212634858963607,-1.3940193234417575,0
-1.7600492316403331,1.0962465983165246,0
-1.1419211148977042,0.40878249028466795,0
1.6561264110688048,-1.1621399759405149,0
1.443830618082452,-0.2897297179730898,0
-0.9951932391944651,0.9429916915631611,0
0.2503485591574597,0.8175868254120284,0.8
-0.4538469394636744,1.8940638106934804,0
0.005786945729283843,-1.1544854538105547,0
0.8812506294920697,-0.5999500973207574,0
0.5902051589686832,-1.5088970271784454,0
-1.4844293024021402,-0.6942790328170667,0
0.11817139076430427,-0.4846029324290826,0.8
0.7185740422318379,1.5781096274203574,0
-1.214685765999561,-1.2210105026554454,0
0.5420785493793412,-0.6447206820276117,0.8
0.3445736302792137,0.0724717881050112,0.8
1.4151010645407012,1.1593794353685971,0
1.5533708967002657,1.0747456037423282,0
-1.277852429363413,0.4470820022439339,0
1.3641889238202793,0.06883398020595166,0
-0.6905225598916678,-0.4971301319732113,0.8
0.6673387948155467,-0.6864579047089037,0.8
0.9657865509426706,0.025622542655930225,0.8
0.27516292284458643,-1.1075359158415936,0
0.9952331656681763,0.5732625181512097,0
0.8344918128625576,0.8009638486065778,0
-0.7568185504986586,0.5729932650924066,0.8
-1.4922357944674949,1.1265719266042566,0
0.10144942165183135,-0.9912687443304438,0.8
-1.8868733527555053,1.6030551908964918,0
-0.9614292660560584,1.0929378142896602,0
-1.8823593663336955,1.3671390703998823,0
0.5409958889403144,-1.4056848519420435,0
0.6290505877071775,0.6530439108119253,0.8
1.770192999257742,-1.4689169738468135,0
0.1097241226664849,0.0356362118569824,0.8
-0.4431937741273586,1.6361937691380066,0
-0.5724821424724578,-0.5745885370006256,0.8
0.18984785119850178,-1.4413480933206677,0
-1.0632528086238033,-0.47531130198586835,0
1.5845356839693094,-1.5699722373106924,0
-0.7621635534678117,1.7818084234163383,0
1.5642344513653335,1.1433751396885854,0
-1.627164650270411,-1.4545917287138654,0
-0.9549231761859978,-1.044686848411224,0
0.4730628269912498,-1.1451185248119686,0
1.8560506447362952,1.8067667705204813,0
-0.6608554655484462,-0.6772264108840149,0.8
1.5227671943522734,0.4125848133552745,0
-1.0553300079803294,-1.9991652411446372,0
-0.2481820891237687,0.7934032662014561,0.8
1.977354391464162,-0.9812305039928519,0
-0.8095068472888571,1.802659507957006,0
-0.45607671917393944,0.21098341440105672,0.8
1.0158931532696989,1.3074673383063318,0
0.6221192465229115,1.8570655516248085,0
-1.1211468218777156,1.6295707832153958,0
-0.2530699525459408,-0.2102991302306978,0.8
1.033670107788284,-1.210818711584348,0
1.3781363996002338,-0.631801774628622,0
-0.9145807755621043,0.9385735072461139,0
-0.4844749521492684,-0.9875236506374239,0
-1.8223019774321467,0.5450263839147325,0
1.6789006865704534,-0.22896776718089074,0
0.2228028084547211,-0.6358606271702247,0.8
0.6252287206062088,0.10043926342739962,0.8
1.5598981957136764,-0.1923328729564333,0
-0.5905124290572514,1.0755200482104357,0
-1.1531243468275685,1.8548941773496157,0
-1.4191372209585609,-1.6938488651191141,0
-0.038042322183676536,1.2089248360722737,0
-0.8886001903792891,-0.6919733756049982,0
1.510411794170882,1.332544268605428,0
1.2708249230619622,-0.9774359887550208,0
-0.4593110932989104,-1.7198588983367205,0
-1.1044995584521624,0.5226160416907142,0
-1.7416683525835008,-0.14020367555601787,0
-1.9283177832788443,-0.04482624420088133,0
0.5482548329097638,1.2826346286021582,0
-0.2850645161292502,1.9200137624479967,0
1.0405270926391545,-0.9715761626153374,0
1.7644898955376869,-0.3909194651731367,0
-1.3490264919872503,-0.5504632147946111,0
-0.28371694434977845,0.23967067078398996,0.8
1.8906247793522586,-0.9085171058032375,0
0.5607607481773322,-0.501254362837444,0.8
-0.4526281580311018,0.3201901292553173,0.8
0.1342564671341946,-0.29491567226309945,0.8
1.2268606706383083,0.9081964937114688,0
0.7271326249598165,0.9080788165913738,0
0.29315118317406386,0.7763135909116987,0.8
-0.48205934224705294,-0.8468577577568386,0.8
-0.01462422752717929,1.4285257999807173,0
1.7255868108070187,1.256535266877334,0
0.4664049271459252,-0.11523499169917795,0.8
0.3445185672564781,0.7826000145350482,0.8
-1.3334069523767695,-1.3313593355890796,0
0.24846966168239293,-0.8941875072157628,0.8
-0.16551825855461866,-1.0505316657479353,0
-1.2964918730674242,-0.8007256988969029,0
-0.9152056393400758,-1.9889154484167944,0
-0.8347929955856102,0.44124104878898684,0.8
1.3804682353663642,-0.30197604497832575,0
-0.30660046739610625,0.6901707300421172,0.8
-1.9225377144386253,-1.3036183197080669,0
-0.6085235633489066,-0.026370663458515686,0.8
-0.715194098635104,1.743347226934139,0
0.20499968398475232,-1.5048577240768068,0
-1.418156207809531,-1.719545021866598,0
1.3783116224723502,-1.383061318154378,0
-1.7772516761655277,-1.682954109127862,0
-1.6179275709441172,-0.641247078177857,0
-1.5099428460854827,1.4588765381580013,0
1.8828298394826235,0.17880892534913917,0
1.1192721067826685,-1.0769237617612828,0
-1.4601622887339727,-0.14231739257266973,0
-1.150879885319942,1.5566367455362506,0
-1.3003268844957452,-0.7164710085498651,0
0.9023190126474252,0.8957167719016748,0
-0.3637389065517893,0.5020258561131401,0.8
0.5033767335694952,1.4094778668643002,0
0.37056608311329686,-0.1732807004696837,0.8
-1.1532098581494967,-0.38921117872482736,0
1.0740185115862797,-1.8246218249441881,0
0.8055237306686718,-0.6891525258217728,0
-0.28596943535261543,1.5262821376664517,0
1.6538063190664727,-0.8195100498073353,0
1.8754935456880277,-0.08318213244248174,0
-0.927006736690378,0.9189893296579772,0
-1.3623891943915374,-0.12265236250005707,0
-1.7928208854600456,0.12292263345148235,0
-1.0049340208287902,-1.6533456711348435,0
0.6431751043827956,-0.9691864965144168,0
-0.4991272056956326,-1.7910119989130178,0
-1.7745428355611295,0.7666704559771245,0
-1.6931921653349913,-0.2074994942250603,0
1.3432065571624254,-1.796411934608304,0
0.25596614691178265,1.7036941834351262,0
1.841788813508002,-1.9033311887780102,0
-1.03121933025191,-0.5490778480853016,0
-0.3965485373480435,1.5500273368883848,0
1.8554371371212226,0.047105905935744374,0
0.013766971288406982,-1.5344743860208108,0
-0.5785828524364551,1.8607308651365462,0
-0.005214818224699158,-0.48451355250700656,0.8
0.397961083025518,0.190545377453482,0.8
-0.3438191821075023,-0.8733171099726915,0.8
-0.39689765009286004,0.23922297007972748,0.8
0.17774784586110393,1.7748009709761474,0
-0.012874324245063296,-1.0084571721668505,0
1.8016844427290444,-1.9340555421773264,0
-1.9929885388691457,1.7962521859197103,0
-0.9749201025735701,1.4746842612123818,0
-0.528470390278017,1.191558416727574,0
-1.1675329682865496,-1.0468024261666211,0
-1.5100797699570387,-0.6677362815163419,0
0.34308564945899667,-1.8601721404821219,0
-1.5033076916833963,-1.339356810560481,0
-0.6260049935359473,1.2310186304852833,0
1.4225483107228958,-1.359320958799639,0
-1.2956656641850297,-0.855275908054586,0
0.9662177986825298,-1.5584737022125141,0
-0.34412525566841,0.02384767337706828,0.8
1.1421436966642142,-1.078512200515441,0
-1.701591252572368,1.4185024613535497,0
-0.33036743428416404,-0.6292966645478764,0.8
1.1190126351560714,1.5482844878080173,0
0.3567164349397367,1.6454998926458142,0
0.4510613046140626,1.995649987902389,0
-1.2399339405916665,0.8144708816121558,0
-0.4154002335030089,-1.9031326167277345,0
0.056052040942475845,-1.924046983865432,0
-0.5107073295941409,0.7162647956500359,0.8
-0.8710961248822469,0.8531590411571139,0
1.4319486371113856,1.0641875036877342,0
-1.7585552783679304,0.6827378464383576,0
-1.9236598102521136,0.4902791262201278,0
0.9287800552406118,1.318056153137272,0
-1.7903046970673686,0.8881602594942719,0
-1.3800869797786226,-0.38765245682625427,0
0.6276042622227034,0.5904274128738787,0.8
0.49216609944451717,-0.9864699175241469,0
-0.9601451008782016,-0.5384747918096942,0
-0.33735269785906263,0.7610916920107758,0.8
-1.6171483521379595,1.2128684719421199,0
1.3781105866487193,1.1148645349844943,0
-0.8691335079023563,-1.284701526629024,0
0.8828636372295398,-1.2086589366761356,0
-0.7854742060534314,1.4396528492281724,0
-1.1393237025548486,-0.11734835273938682,0
-0.3268224937568247,0.6537535567179824,0.8
-0.359019243573905,0.9002079254746702,0.8
1.520779331872319,1.9291593779191776,0
0.6437236512182816,1.9585007826697822,0
0.7114220361214696,0.9778943768728587,0
-1.1390004268489582,-0.32074295585035584,0
-1.9895393226053946,-0.5198603947320293,0
-0.6667312968014607,-0.06979501462728166,0.8
0.9142480199433005,0.9251382943664819,0
-0.8458761402335466,0.8339014569813483,0
-0.6834980005109501,-0.7622061154034205,0
0.2815281758257395,-1.80930035844752,0
-1.2279835636333343,-1.701212077712789,0
1.7974689164256188,-0.8359278787040196,0
-1.6922770261373485,-1.046357791309985,0
1.076683555307763,0.19660916071423395,0
1.7153703239618703,1.332166992983138,0
-1.2900960827916985,0.12197443816685549,0
0.28281263723596295,-0.3784981061346935,0.8
0.6951565973231011,-1.7067068977254545,0
1.69444991313918,-1.2701350140679923,0
0.8213736651906469,-0.634097072340392,0
-1.0010422899373363,0.9588111546439984,0
-0.1305382834754445,1.0434638927085969,0
0.3780170078698877,-0.2459595781790811,0.8
0.14405414576760878,1.1085903711511684,0
0.25020045962731485,0.5850071162921613,0.8
-1.886113973734382,1.9412264118703737,0
-0.16005596542485767,-0.2904555980839296,0.8
1.4533633316339336,1.6023495217611652,0
0.16822241624839984,1.9443234976458528,0
1.028483147509072,1.5851725469190114,0
0.814981087100656,-1.887436451685112,0
-0.011793655489264143,-1.5445950461599565,0
-0.8605118896460966,0.35847038588853186,0.8
-0.2078247390925858,0.29757595661742187,0.8
-1.0708294240668517,-0.01908401703359397,0
0.7546782844742408,0.23850766490432385,0.8
-1.030083373381562,0.233724584647514,0
-0.7236789512591564,-1.6653193855863355,0
-0.018265930828767374,-1.0717799103655885,0
0.8421363956277257,-1.8123442732248152,0
1.638568249703154,0.06393281052717148,0
0.046396096765991324,-1.6021910509484512,0
1.2262317272448362,0.24988425942492754,0
1.1370153167373225,1.8643180173269234,0
1.0922491671984265,0.8775020327345886,0
0.8809182165897735,1.0982115825947791,0
-1.245899331866538,1.4704718164759019,0
1.3313464628913265,1.7414964153943884,0
-0.004914801576976657,-0.2312374683743399,0.8
1.5845635221546708,0.09460563281419443,0
1.275679864337926,-1.4101760988036363,0
1.9443131398701867,-0.9342927282001141,0
0.25407349835116744,0.7447572243543301,0.8
-1.3816955288313384,1.022553338252973,0
0.35962545163362947,0.6543350633034515,0.8
0.46231007723110107,-0.24276233397179192,0.8
1.8780862950271144,1.961634644937607,0
-0.8627289634332218,1.4129541415225435,0
0.03831242614916297,-0.5060513145116055,0.8
-0.05607395459215336,-0.930634310323371,0.8
0.23891228425524647,-0.391762318904159,0.8
-1.1053169318595848,-0.06882010796923455,0
1.5800019041684505,-1.149146465854109,0
1.2361417467830025,0.49422253414134554,0
1.0206675072976608,1.5310192774727343,0
-1.4774896905390245,0.13533347976818133,0
1.336413125052339,1.1158433423439873,0
-1.5908114988932076,-0.3725003518141028,0
-1.7341722861207431,0.07928881957469835,0
1.8785755090040785,-1.2269487388929154,0
0.8686238210849466,0.5995766107843084,0
-1.7687988609019345,-0.7421612151750674,0
-1.2044470193157322,1.9804972299843961,0
1.3345068109875542,-1.3419092017510432,0
1.5747374496509425,0.6381818534098089,0
1.9982201881610973,0.8654410461582573,0
-0.7510904010396362,1.72411630405613,0
0.19130441829344846,1.9893315440064328,0
0.49292180696143584,0.033946670288703906,0.8
-0.9456935065781367,0.17811814913323198,0.8
-1.0606514422048638,0.08781126553193452,0
-0.3730798907669697,0.8339420747897659,0.8
-1.8817328931093429,-0.06946693923790681,0
-1.3149690150589843,-0.5306071350845767,0
0.07637113780095905,-1.9926776064011893,0
-1.809289725788942,-0.7161793513124834,0
1.2692175920507078,1.2159541608151079,0
-0.871075300229585,0.7771781360978558,0
-0.2953512147209909,-0.5333994116130283,0.8
1.5041569080502915,1.9063149837465585,0
1.5124495904089352,0.0025537999379898757,0
1.0286940848496737,-1.565485524902368,0
1.5561014259692931,1.2692020479448862,0
1.1136956803972335,-1.6351824318850712,0
-0.7657639768582132,-1.8530774181536431,0
-0.6428153675714681,1.9320467994534352,0
-1.677713223582313,1.379565020986579,0
-0.5210306615421132,-0.18863917210133874,0.8
1.0176658873402493,1.190162137614272,0
-0.264462800490469,-0.3355456002628241,0.8
-1.2470293225520739,0.5844904527279158,0
-0.808667393701143,1.3352031371180626,0
-1.2947274576871282,-0.8425786705678981,0
0.2159606675448118,-1.8755768929408267,0
-1.3267286121127726,-1.3775960867001733,0
1.293598600280466,1.638221573355429,0
1.1725120694925817,-0.19639515657992268,0
-0.7165595595852436,0.16915231756507154,0.8
-1.0194080231496194,-0.36826590378713586,0
0.4909379699729288,1.618306275646523,0
1.2867913010961631,0.5723268672369093,0
-0.7044324178587895,0.3497737280765558,0.8
0.5380267570237334,-0.3651972000525481,0.8
1.5987967055146668,1.505192416156929,0
-1.5787483679609737,0.7418523068681644,0
-1.9643637006486663,-1.5916547299829116,0
-1.0429319054607107,-0.37022445386718683,0
-1.754404391705005,1.8325755422756624,0
-0.4856181158100563,-0.5532117156045087,0.8
0.4659633586578078,-1.1628926028425983,0
-1.873984582969578,-0.13485099814035273,0
1.9318317510309373,-0.46332516589232453,0
-0.12270675460574276,1.5689953070244402,0
1.0948662954767152,-1.2048154628052141,0
0.16161283846747043,-1.5255036308913472,0
1.417817255480811,0.43515628645375193,0
1.2437789524879794,0.49739530039790925,0
-0.43002648473839544,-0.5040669525723906,0.8
-1.5340088484194085,0.47209762031847236,0
0.07260007123836809,-0.08797041254160742,0.8
1.256789849902372,-1.27602967572887,0
-1.213448568749242,1.7251447286245933,0
-1.7731939445835683,1.9853822943181103,0
-1.441750711983993,0.30478556830224557,0
-0.6198957747958254,0.617811912135819,0.8
-1.159745020259539,-0.22811223475910403,0
-1.7643185571921274,-0.15127108997178063,0
-0.8592396858730993,0.6767261230355635,0
-1.3687253979658536,-1.8881509772303589,0
-1.4058348433123498,-0.24529129852995313,0
0.5804351701363575,1.5884266740883555,0
-0.6929769466993023,-0.13578716693395387,0.8
-1.273114962042282,1.4298051895564443,0
-1.2754304478877811,1.016603558987022,0
0.3925187832500425,0.16307020789356885,0.8
-1.964172803871568,1.1093286714895512,0
-0.8539490305493143,-1.4921422373842685,0
0.04312316706247854,-1.1618634900103837,0
-0.39324677154719057,-1.698483554985398,0
0.8321331315323985,-1.2997508335298877,0
-1.3147557311533662,-0.8340934443890093,0
-1.009767523709058,-0.2176616562195668,0
-1.669434774375182,1.0421781272809496,0
0.7165009173573909,-0.1567643284744622,0.8
-0.2719247313381734,-1.166251818241696,0
1.43848596962488,1.8670758068664242,0
0.942111912496745,-1.971654404576359,0
1.3311313059155703,-0.7658617845892888,0
-0.8443758738584184,1.7779746892381958,0
0.8390519242481838,-1.660510361851839,0
-0.49522975660728674,-1.8588193537503943,0
0.9734336386174931,-1.6160762627949956,0
1.3431733513333346,-1.4191453291095946,0
0.6721307357266939,-1.5614195321568127,0
-0.3478074764960297,-0.2790287891714587,0.8
1.8379018414103063,-0.2251926252709926,0
1.0727760333294976,-1.6610780187646434,0
1.451954889095838,1.19361918425599,0
1.5835181002549938,0.5447471112817568,0
1.3175390619818828,1.478680774972565,0
-0.022104461419425014,1.9918403677443322,0
1.172676135821654,-0.12460264809901922,0
-0.30611174734252566,-1.945118031300611,0
0.9931264517679215,-1.870150516372815,0
1.2717934061439444,-0.21807481889461533,0
1.6629654239440113,0.5550115775442417,0
-1.0923453570368569,-0.054537623247415734,0
0.8818403102920089,-1.9067512932249175,0
0.9326181973266174,-0.021004928040635473,0.8
1.6550139492246476,1.16736984826185,0
-1.4383739467857017,0.7515485982074672,0
0.6222895088914138,0.3659606792306973,0.8
-0.6346857547948694,1.901145664572558,0
1.3168273544365694,0.12971856064051845,0
0.12725569453383345,0.5927532989855555,0.8
-1.0547789093163562,-0.8668018864370501,0
0.09667008295566548,1.4037215258392126,0
1.1735548678426597,-0.3410911451983991,0
-0.6641004832515631,-0.4644704460648237,0.8
-0.8247701745764249,1.2301732758855626,0
-1.9567187537390254,1.784062216882338,0
-1.758717157460162,0.0489603207574687,0
1.6559881334324098,-0.38164611401325255,0
-1.523203927355763,1.1468710593751097,0
0.4708594081313304,1.2268616935158807,0
1.1634450324459507,0.3589589536906126,0
-0.027985430043146575,-1.5341476413393087,0
-0.2548401864449854,-1.6087269345423407,0
0.1920263537871918,1.8809234044426781,0
1.4655647734220603,0.9536877499771625,0
0.8540260353403917,-0.10810561929961082,0.8
1.1214968455170293,0.24250390639546682,0
1.9094508023099115,0.1903308677258475,0
1.3754557169935464,1.4892140139199825,0
-0.510692063186108,-0.6043982241957186,0.8
1.4848446979314374,1.233851617278901,0
-0.7131297748958301,1.557569833794508,0
-0.5997078490080798,-0.7892728463820338,0.8
-0.11961362249999707,1.9958584469242355,0
-1.452215291608224,0.5673587368366992,0
1.2491811438708011,0.5767608069718966,0
-0.8558954215057493,1.8888017702072948,0
-0.4286756952150479,0.9921995775572139,0
0.9266082471154351,0.1545375935606006,0.8
1.1447242446380392,-1.5490015808112485,0
1.871378463201872,1.439200309957256,0
-0.23320027088523787,1.2320535587517756,0
-0.48071680921818816,-0.7519101858332298,0.8
-1.3602801845005694,1.50360420085932,0
1.2740467865259886,0.7844227515612094,0
-0.13853992548342253,-0.7601271625436681,0.8
0.6617693842120063,-1.117158533462458,0
1.4177796148528605,-1.138210682347379,0
-0.6678102626689872,1.624654934973226,0
0.437694086800108,1.0766011641326942,0
1.5460415830581464,1.7645890501879768,0
-0.9510759288298467,0.2480509942721012,0.8
1.548081726822348,0.3469858279011455,0
1.1829951215848848,-1.256511445921177,0
0.3269226523734212,-0.021090562536423274,0.8
0.11680943657741949,1.221791162349283,0
1.572436341945779,-1.6160347692201298,0
-1.7106678009665446,-0.9105128762379149,0
1.3726770657858638,-1.485798046464783,0
1.0962902832501746,0.7756673316969307,0
1.1153486117256457,1.7400541255422008,0
0.817390382821646,0.045489132295776,0.8
0.10016866358254362,-0.9031462471953495,0.8
-1.0693881419325142,-1.3886798978680317,0
1.8912244535430243,1.274431801909326,0
1.4332236858369245,1.940156294195715,0
-0.07161363534062026,-0.3197337779551801,0.8
1.5937242137122891,-0.37624348544675135,0
0.033923700753596187,-0.9848850616281357,0.8
1.152181156689183,1.1752185945533604,0
0.46194453040909034,1.573103333586595,0
0.7085422275824875,1.4486953773946305,0
0.39329874691101496,1.0019769172141686,0
0.11442915231367135,-0.8313281606822711,0.8
-1.3992409647627855,-0.8420332660366618,0
-1.2984346703803094,-0.012517617345983112,0
-0.5056991009991365,0.27800514837525325,0.8
1.3444674739902776,0.6467256583023095,0
1.9310925668922296,1.5296018297327572,0
1.8790500927746798,-0.2644203851759026,0
0.15890345134072836,0.032968102095234375,0.8
-1.0560508339165833,-1.1794782133566342,0
-1.0804318645227937,-1.073361228532157,0
-0.11665489000478235,-1.1415236650340734,0
1.8833226537474057,-0.10671273381277491,0
1.4091333784012199,-1.4988258798260783,0
0.6910097267880144,-1.057990298693916,0
0.9979393045355338,0.20896864369129808,0
1.9398196700670094,-0.05060485049575991,0
1.2808616649092532,0.23218042554770557,0
1.6243899433022548,-0.11121688592760881,0
-1.315928532839516,0.3682084504192762,0
-0.06382178962939467,1.907333110987497,0
1.6502381059680857,-0.16996715669763107,0
1.2717997132614434,1.1757432801986685,0
-0.09474940512427121,0.8396577999781125,0.8
0.1954847896977503,-1.7832780850341763,0
-0.1364005342902428,1.4383521815431974,0
-0.018937297986617363,1.3748371468403424,0
-0.1424974557806764,0.4824833866077931,0.8
-0.6775161473639133,-1.058245255669295,0
1.5732381607719788,0.22331408051866664,0
1.1128983886888801,0.020361625514655923,0
-0.5499938357740675,-0.24023070435739013,0.8
-0.039381942003811954,1.7174759836893063,0
-1.3870699029448574,0.4682747494888768,0
1.570234307309096,-0.2218150292384431,0
0.5562208465887233,0.7904927028631161,0.8
-0.7298633438775739,-0.06918133525964931,0.8
-1.0771278642338187,-0.266325819940997,0
-0.34865157865363905,0.6414876211156888,0.8
1.7053084964462029,-0.7137446493434871,0
1.9523557226422805,-1.6117249947802708,0
0.06594031174929338,-0.9550599057202129,0.8
-0.9929058237601152,-1.2733444478781948,0
-0.15269837296507038,0.13032821427376406,0.8
-1.7367488247638772,-0.2719838414970699,0
0.4976030235992597,-0.8568596132106121,0.8
-0.36037567480045807,-0.24431039001585608,0.8
-1.00373805622041,0.8294182911415446,0
-0.15111141799250438,-1.1459506775103234,0
1.6222011044113027,1.0037060085856395,0
-1.0518102695663654,-0.4689230073197508,0
0.010882608410539785,-1.666435134205881,0
0.10440505464683669,1.2152342965055065,0
-0.6369608719211808,0.3230590718475459,0.8
1.5149090885544227,-0.8219736670071112,0
-0.7341164061589085,0.9125172249092137,0
1.056188799202816,-1.970492135711325,0
1.1039413121525867,-0.5986105411420231,0
1.557149043795191,1.6847512678417336,0
0.3424924429101308,1.1651814138230474,0
0.3386737898194867,-0.5127541201579113,0.8
0.22301598152318025,1.095609726476971,0
1.291438834692837,1.593620145086975,0
0.8770067427258934,1.9219782547773656,0
0.1198518662065653,1.2914555166620039,0
-0.20290357698970274,-0.7817176891095112,0.8
0.417691754665126,-1.199506791901444,0
0.3042980667073776,-1.5361588041217016,0
-0.26036520153632736,-0.5059195586309313,0.8
1.7803659626024833,1.7017807749797464,0
1.3977398348484864,0.3041621777397201,0
1.3122375778859543,0.851302508529526,0
-1.1393495399882911,0.8628264797055705,0
-1.3555236882287227,-1.6910973680303965,0
-1.6080319086905988,-0.6586457670780717,0
0.566725962172514,-1.1504058559835597,0
0.33855047347802225,1.405527081200865,0
0.7193994162020414,1.6753941351889012,0
0.8259560457278874,0.6796031392801725,0
-1.1123341997172629,-1.5843374054783252,0
-0.773420777733604,-1.8666703345656392,0
0.12744973364544565,0.059746608154841674,0.8
-0.6516281391811409,-0.4113708281169304,0.8
0.8105441784939864,1.388414207189879,0
1.0154807901545548,1.854684607313485,0
1.4895532528649076,-0.6409852531683535,0
-0.009439019570422591,-0.6443671677168528,0.8
1.7170858908972266,1.1121326169110666,0
1.5049047768548545,1.6517025930919793,0
-1.7115227215126407,-0.09816310498391667,0
-0.6422649221429007,-0.8229388994398992,0
-1.3234466619432443,1.2035766888085329,0
-1.0107521071162018,0.7954543187429808,0
-0.9938794704260832,-0.7292121274361789,0
1.1992101581034964,1.0385001760162331,0
1.2892122576269953,0.5349506698028819,0
0.027151936358766893,-0.27869204069322295,0.8
-0.32510815300058127,-1.1804912836588652,0
1.1692077666696434,-1.7850585158620143,0
1.5339400202424787,0.5980560811323561,0
-0.022224809043231097,-0.6149020057435357,0.8
1.8072553756886967,-0.5513677291885593,0
1.795749453826704,-1.2167968439270673,0
-1.7922635478725044,1.3488503753305623,0
1.779070996467902,-0.22395897827348588,0
-0.6512695117041885,-1.494342156310697,0
-1.2686885589464634,-0.8882000791598941,0
0.26686299065366237,-1.4534097107547486,0
-0.9583539495564559,-0.8685036424862895,0
-1.5482462067774998,-1.4462417889445058,0
0.8294725058732735,1.4414370876620968,0
-0.4290049208194229,-1.6438518679211702,0
-1.3448528328765206,-0.5557307626884329,0
-1.5049588847738509,-1.8602974138454718,0
0.2664947082656046,1.560498465908288,0
-0.9647290654629499,1.2661184733230804,0
0.45667700826647817,0.06632397834198533,0.8
0.6246503438479487,-1.2561254774181143,0
0.9412534448849357,-1.171571024050298,0
-1.768219850297355,-0.6670706684597336,0
1.748695036900361,-1.098092493811209,0
-1.6660354023058974,-1.0836468777417774,0
1.272632664510101,1.6901049379204807,0
-0.31870359751349087,1.2634337318925182,0
1.0382075159742925,0.3874096961881599,0
0.34841261579994676,0.19493644331861582,0.8
-1.989480649758133,-0.9075783265768553,0
0.43121728899559564,-0.25458957051877196,0.8
1.7481122383000471,0.2024901712916951,0
0.3396867127754746,0.5046815374932345,0.8
0.7098453187575076,1.941777881726165,0
1.5081151279468763,-1.6026224225742163,0
1.2021676037568318,0.6783692912394672,0
-1.2575169327406548,1.5142522393233446,0
0.7252844746586784,-0.9202390313660715,0
0.9581414507677137,-0.4150429254491339,0
0.27754163508364904,0.7548139739619626,0.8
0.49744786856453693,1.0071386857501672,0
1.4986851313793408,0.5208656809045054,0
-0.7723724807720158,1.5962163882745894,0
1.0568240163041516,1.6441788122287027,0
1.4854063254550192,0.21220227582504103,0
-1.4154394999855215,1.3564397302738271,0
1.3298046855316663,-0.09892990125286794,0
-0.43268017990644925,1.8148364501301657,0
-1.8496623089638407,-0.6184948592790827,0
1.8465269578321788,-1.5369400835112264,0
0.122122280622317,-1.1267101531073958,0
-0.2414771399287945,-0.14923613064990837,0.8
-0.20160333247411222,0.03403786341606008,0.8
0.5336855514817032,1.0570294271477731,0
1.0455448440354598,-0.39354530968451096,0
1.539120541605059,1.029660517203224,0
-1.3057770189527527,-0.43783431135054096,0
1.6244678626421676,-0.002852337725056664,0
-1.0437333425268611,-0.6454342924467573,0
-0.009399277754686075,-0.8340323833390757,0.8
0.42359752594780975,-1.479389173908146,0
1.5919173523083021,-0.23950777900701503,0
-1.0870735044425368,0.6294649221892112,0
-0.08613304489891549,1.6426194050361125,0
0.7343789064796997,1.532782731192,0
-0.10652534605448949,1.7959413173263195,0
1.8318679977445869,-0.7456418863583676,0
0.01243610102379078,-0.09667654707969087,0.8
0.850052857958818,-1.464273602390099,0
0.8298049241197121,0.9014663920488468,0
-1.5925139158586585,-0.07999080512696732,0
-1.3869992249892036,1.6258495874262997,0
-1.063322755475081,-1.4692560357059343,0
0.06739192085515722,1.4680128466827478,0
1.2227003690011302,1.4311216847282644,0
0.9232453026304159,-0.6415199055057279,0
-0.24844904293768355,-0.05117556209080476,0.8
-0.36722590695884705,1.7195928386218604,0
-0.11347703567302858,1.4544893523014184,0
1.2188713810959313,-0.20023757442476953,0
1.4447639664230931,-0.7904390782900435,0
-1.2076697278058508,0.5394279436353786,0
0.03055328265487356,-0.5300804231316856,0.8
0.5537343234999228,1.0980060036036847,0
0.31724339126865964,0.5240260019192835,0.8
1.6107641618609811,1.5415575660224592,0
-1.426140162942255,1.693237454500883,0
-0.3225695647324236,0.2733380114387236,0.8
-0.1873953366179335,1.218238101596779,0
-1.1435840379120679,-0.2534995008840575,0
-1.9454179157507077,-1.8027593475939927,0
0.6737987740882931,0.013859690373184463,0.8
0.12479496138039314,-1.4273194467769637,0
-1.9940400757558088,1.0330452919656468,0
1.5121140638986472,0.20423473345215015,0
-1.17882371514199,1.1407193035324816,0
0.4822815640758491,-1.04856251267603,0
0.18115156550003064,0.9630870409687802,0.8
1.1364459753824847,-1.2512043258211416,0
-0.26110856400131066,-0.27923919375471584,0.8
-1.089668382955478,0.03523220161363039,0
1.3201021654557556,-0.5025781456875844,0
1.9879279764660995,-1.0547978832394689,0
-0.2517477187325805,0.8623953100367796,0.8
-1.3044301897202204,0.6727515401717539,0
-1.7154182501919877,1.89243324937428,0
-1.3862110343826246,-0.12278428775677286,0
-1.9005949393654604,-0.9742375085851687,0
1.4135633982483942,-0.1389292026603921,0
-0.7404171356402345,-1.2608458353653273,0
1.697958344108577,0.608734799325275,0
1.744635445502103,-1.5552512926609396,0
0.725084587028709,0.22670976218146688,0.8
-1.9807775006357202,-0.8923128134589566,0
1.0082616966182627,0.19105364126467528,0
-0.8388351888646026,-0.625171827711871,0
-0.9277262267989683,-1.6647833700840815,0
0.8418374154733983,-0.5973080748137787,0
1.8761606219711409,-0.4220122729454583,0
1.5345941905299227,1.8755853076843776,0
0.5037238558629733,-1.8899543405132482,0
-0.5752362348672246,0.956833520985612,0
-1.0985595422239776,-1.4774003199524262,0
-0.7189500643310338,0.7419846359657405,0
-1.5597323929917937,0.2414376366941755,0
0.15692588865686785,1.3529884122018747,0
-1.5575091017334728,0.28329872805960443,0
-0.6391185930550614,1.3730016738289756,0
0.5376815347658139,1.1870061912170113,0
-1.0893456008039553,-0.9128126138842463,0
-1.81570379989574,-1.0655317609020822,0
-1.5096192773614323,-0.6151072878376151,0
-1.7924070992051542,-0.3413069425601605,0
1.3525051937026027,-1.9847632473785826,0
-1.0692249614223637,1.7185685169745284,0
-0.3884332153715828,-1.851120700157626,0
0.9395600577111529,1.9826278776912423,0
-1.911307614523075,-0.015790856444016566,0
-0.2895497790694672,0.18389952162855394,0.8
-1.176808897566549,0.4648947863667212,0
-1.8178283405839695,-1.425715162838273,0
-1.8740598946236484,-1.67695028473864,0
0.06557116449463907,1.6273785144701787,0
-0.024573281469911556,0.25777399001408563,0.8
-1.6087302202014038,1.159292063001418,0
-1.9627504435478524,-1.5826848379471388,0
1.686130627223179,0.3880082068619193,0
0.8398299959008648,-0.7667427854781548,0
-0.6083443009683687,-1.1126526752963684,0
1.7591887984728674,0.11054452119280267,0
-0.8908590213202263,-1.6316022666609444,0
-0.591138148044061,1.5047525247153226,0
0.8592335637344104,0.55053850254694,0
0.6171897377096314,1.165824775167469,0
-1.757417598036716,-0.8276128340154596,0
1.458811792080756,0.853645305069191,0
1.3950312583529652,-1.0042801686527665,0
0.5940384114074901,-0.40395577563845064,0.8
0.8606071692940844,1.714725999125005,0
-0.5280413986780732,0.6181466420255668,0.8
1.2218982241110687,-1.444819636510017,0
0.21843309999465266,1.8107871014610923,0
-0.4182901924340725,1.6320343900049759,0
-1.7923682550133186,0.8168395980461693,0
-0.7793813168757691,0.1191181038423319,0.8
0.022671624348038932,-1.5799017801205384,0
0.3832183281959449,0.20660699287251205,0.8
-0.8770166479589312,0.6719157779110501,0
-0.8270044960256344,-1.254794558327724,0
-1.0118685575067676,0.3016083976371253,0
-1.7149285282826447,-0.9772069710473827,0
1.390421545626313,1.3652945516199648,0
1.4927184804000864,0.9687874471271969,0
-0.3054507733488925,1.0692572471761168,0
0.7685292420969927,0.12693696172605407,0.8
1.743647183338882,0.7496992775967879,0
-0.2977555663393705,-0.360795734339058,0.8
0.3942580880656159,-1.5795849018048065,0
-1.6301872437693858,-1.3000559441310946,0
-0.10607612632478203,-0.4546172926786176,0.8
-1.003861459483279,-1.3747368303884926,0
0.2452555409896049,-1.4567004603495128,0
-0.6574353644454911,1.0336729833026301,0
-1.6671478720667658,1.335472193091324,0
-0.3378235940272454,0.24537018383437337,0.8
1.2327768745220222,-1.906963492641491,0
-0.22185483875217216,-1.2825325321099075,0
1.9848042977215958,0.47628661189137755,0
0.8943730481583847,-1.2306162428718292,0
1.057081372376473,1.9791666973211708,0
-1.393100040328025,1.3881727539044202,0
0.8858091987164856,1.7625515926977178,0
-1.145890374542879,0.5144955132570703,0
1.40851794423368,-1.7661526365052937,0
-1.0147626353425672,0.5765118301455172,0
-1.6152589115886253,0.6069837250753105,0
1.7246270025480208,-0.3857377475685202,0
-1.6472410207459576,0.6518588177533489,0
1.5921665015487236,0.7299779481856317,0
-1.8225475751562943,-0.7826165617910932,0
1.0104244913270133,0.5179609773788254,0
-0.987466343398586,-0.009793614442389131,0.8
0.1506951196735402,-1.1495062475946813,0
-1.021931957491757,-0.8735040665984455,0
1.8032618128094762,-1.3840849675517695,0
-0.4841277319493602,0.5274139639577462,0.8
1.9459688904935266,-1.7404136774099648,0
1.4793185619854956,-0.5707271423040741,0
1.8833508141130917,-0.6316182474934262,0
-0.024231653086228544,0.07808035209206654,0.8
-1.7413033621147616,1.7895363588802113,0
-1.6643587279699568,1.1424112976425391,0
-1.4657908734539227,1.7984976062858125,0
-0.513808159864861,0.27159173257626623,0.8
-1.08260980302772,-0.6857138481392981,0
0.1383774136432403,-0.745351950474531,0.8
0.4446816256398476,0.027790732933024476,0.8
1.6109305081329306,-0.2568069213062425,0
0.2778761586008729,-0.6010626195726636,0.8
0.7340312686344812,-0.7639206976202266,0
1.3310160869748913,-1.2958112424292998,0
1.505742304904591,-0.6111479882802788,0
-0.24413010218805864,-0.833798916670045,0.8
-0.4773999313753259,1.139722432575963,0
-0.13852316850247615,0.30702643235383453,0.8
0.011303089979838088,-1.857478391508065,0
-0.8112144182305032,-0.630738044514656,0
-0.29089905501440594,-0.09618188941368322,0.8
0.6823366019628967,-1.2269745964504004,0
-0.9232155536269238,-0.06390468929257587,0.8
-1.8888787641437683,0.16431896493662013,0
1.4639272954721152,-0.36546103397042806,0
0.34281507711045744,1.8477379909232408,0
1.4035632217408027,-1.2930694945689414,0
0.5943999487547265,-0.26563858119736583,0.8
0.17414180833234694,0.9890558203722608,0
-1.3224765394850788,0.5173040496145678,0
0.4374650299966456,1.1617040373768526,0
-1.25892663027112,1.7531232578827702,0
-1.311821644029727,0.5441871749165754,0
1.526122406537806,0.2997724836750786,0
0.7012800752286896,1.0874180025810998,0
0.6808299826789299,0.34362402358002164,0.8
-0.020486308357701155,-0.3713599131922769,0.8
0.3506193411626475,-1.9930110010054225,0
1.790040326224073,-0.26496379407929593,0
1.3596321780079772,-0.9042983501693413,0
0.2914185595427812,-0.06158136799742708,0.8
0.8032232182024779,1.7551528694480942,0
-0.03805037497031449,1.9075998940421308,0
0.07685447350565155,0.4607682702714695,0.8
0.7549615266262264,1.1355727878611392,0
1.8171191477638051,-1.9188228341479312,0
1.151614340951879,-1.2495054973973643,0
-1.6698430973223077,-1.1968720394294157,0
1.9605804372433218,1.8300703778007104,0
-0.8007187587490003,0.24650712798511432,0.8
-1.043008119038468,-1.7993421689975366,0
1.4550398219313632,1.1540827360970116,0
0.725454137605384,-0.5796293209680368,0.8
0.6613152426647124,0.16170963292278095,0.8
1.9160017697807983,1.3722936810508415,0
-0.03220562246162606,-0.36528411648000336,0.8
-1.206807860501832,-0.7381013788713768,0
1.2328834271782347,-1.148112193474768,0
-1.0991568991955067,0.13677844806294548,0
0.4611725467749155,-1.21807840530604,0
1.3207586946457082,0.4848681795997116,0
0.9654163463353873,-1.8339470974054097,0
1.440960839707722,0.4200071050288634,0
-1.7016465089541182,0.21977736466451026,0
-1.1288592306946468,0.6840130766551185,0
1.3877616858979844,1.5149633512184906,0
1.1469750414337283,0.8478854871687855,0
1.4249527602918688,-1.7377137988054572,0
-0.3447216908849322,-1.1587024826889154,0
-0.5516699311601019,1.5109407831632957,0
-0.6128510811193211,-1.5953137103270008,0
-1.7197267481650163,0.35931481910788055,0
-1.5406843301864042,0.32892266270009873,0
1.2303524684360267,0.9320846440242367,0
-0.2719805608287169,-0.25406449341142245,0.8
0.32859680043843387,-1.3954924380787155,0
-1.1894388860518896,0.4371355360308846,0
0.43120866642588407,1.6279658498791774,0
1.6081351590376634,0.032991901723478545,0
1.8465262650694556,-0.3710910900092075,0
-0.8369663059323349,0.49449525420618956,0.8
-0.4802936485391198,0.40755754385009224,0.8
0.2617626148466483,-0.26708958672517014,0.8
-1.4569239404906233,-0.2605993397825843,0
-1.2272917245381092,1.6350936748423273,0
-0.7899711516446,-1.1354477608500484,0
-0.4922511318274121,-1.0510095755113165,0
1.515054813587998,0.23589294672723993,0
1.4726119368270156,-0.5666294942689145,0
0.2582433563590465,-1.1670506405685335,0
1.7457810492417205,-0.19725080656427618,0
0.38006876039026904,-0.9752145309337035,0
-0.04915736934412562,1.7661274210373086,0
-0.2177005165754644,1.204318866870838,0
0.5668076833750133,1.019043391677799,0
0.38090371276319823,0.7535549194960782,0.8
-1.9191392817287314,-0.2633558379509533,0
0.030972519906702356,-1.1656057109205071,0
0.7598017409769513,-1.1527395182302826,0
1.1639219330693322,-0.8192463236258032,0
-1.80997194610728,-1.7131413391538501,0
1.8901944177826229,-0.48384182156423305,0
1.759102176448339,-0.10486331287275119,0
1.7898163849271471,-0.09344983926790862,0
0.7947799760124079,0.853121240915836,0
0.003773296041275298,-1.039740045333804,0
-1.6745068104195115,-1.9422973798296201,0
-0.55819429915576,0.9707794790077924,0
0.559032909066814,-1.2126865415405859,0
-0.09649684841007788,-1.1392898657671968,0
-0.8101290210320435,1.4252477268498192,0
-1.466302019312978,0.6641066217358431,0
-0.5129557466414485,1.7096982407946388,0
0.2701621692612095,-1.281375252646114,0
0.33474610487775935,0.8004920098756223,0.8
0.2678661269760978,0.8523173707427891,0.8
1.0342756539785665,-0.5981689603626328,0
-1.8509946446338015,-1.7878030485941956,0
-0.11422512156232578,-1.8600190715270304,0
0.21896429016431895,0.9675210038459969,0.8
1.233807253533083,-1.7971968505814897,0
-0.7846225183419095,1.3173002952021533,0
1.1941718543091557,1.2817713254490868,0
-0.6483228668862147,-0.6313133451417694,0.8
1.5807175098100514,0.16303370151419116,0
-0.2740719467838084,-1.0604018154538801,0
-0.8414114043319603,1.3186553251241127,0
-1.532147790745122,-0.053066981580666805,0
-1.232206784368438,1.3187486274636728,0
-0.7280295958974645,0.8377397181317461,0
0.34164643632614844,-0.8591678213769214,0.8
0.7185418372429297,1.5309631420708607,0
1.1893255161144367,1.3938684956724283,0
-1.1460204489685433,-0.8591655827760825,0
-1.6359633751178437,1.694072026123001,0
0.37148807557890207,1.4892363493169314,0
-0.35152581480490985,-0.8254045101191649,0.8
-0.45479215326323486,1.9926232035514904,0
-1.5462906644823513,0.46793361380317755,0
0.8656235148736529,0.9293337138805517,0
-1.8078104885844426,-0.6474069215852007,0
-1.0186375949737903,1.3054148998715638,0
0.6767474746980691,0.1392023955123416,0.8
-1.7108383946158017,-0.5848175872460213,0
-1.7593793248924334,-0.21324666042190366,0
-1.8874214688727116,-0.18049317224512818,0
1.0764187234534761,-1.2833222116958636,0
0.5017521773980262,1.2450179651036013,0
0.57859839805164,1.7775274909665355,0
0.19809323397912548,-0.8137795504854868,0.8
-0.512568078000156,-1.8218510485924493,0
0.873075769620804,-0.48815631603998044,0
-1.9745257379464953,-1.0691610563856373,0
1.5681881672722224,-1.5949161456670375,0
-0.1687501578927031,-0.5567153496061961,0.8
-1.397647142781945,-0.27092545745148566,0
0.5733770346550853,-0.5987120743500101,0.8
0.7261054178929904,-0.8250557006950898,0
0.7884335478112243,-1.9546492420935673,0
1.2439877086637101,-1.8611724233733882,0
1.891831143914552,-1.966978817862636,0
-1.8437144032343045,-0.8830226944231381,0
-0.2954431698121023,0.5160046052559455,0.8
-1.267124036963681,-0.9964564389884094,0
0.1535474405527828,-0.8957859160492001,0.8
1.4101900960562852,-1.564570730245686,0
1.5121379620714368,-1.8377068264893652,0
1.377486544817942,0.16698778329858444,0
1.3520057097203462,-0.7248064286611053,0
1.3551199062340102,-0.03663366654361244,0
1.3652158529163039,-0.27237461655683504,0
1.9236585877931618,-1.896739547004532,0
1.9447773461189124,-0.49007320127955056,0
-0.27331538220982843,-0.48100176005427286,0.8
-0.6498187292336421,-1.0446448841591054,0
1.92888886886251,-1.6488952256049094,0
1.9974689232388516,0.2334841105077805,0
0.6836847532183699,-0.8616478753431167,0
-0.38291353852223553,-0.419794535933967,0.8
0.9672067630477286,-0.8824056157323592,0
1.0162555174070875,1.7305573750747478,0
-0.44611335817980047,0.3408952483171186,0.8
1.7894910800585158,-0.6411107723868392,0
0.21748948723371964,1.2861496266189576,0
1.9994050914958295,0.19702658000432693,0
-1.0479918879485606,-1.5221655047912472,0
-1.0956520351548407,-1.5316763080054345,0
1.677888417352547,1.9166197332069408,0
-1.782087979311437,-1.7891553881401943,0
1.7377210038432702,0.12957280708417862,0
1.931940128527684,-0.38946495636191747,0
1.9774960360976115,-1.1804941756209382,0
-0.48906208379730076,-1.0348413078516812,0
-0.7113971147002673,-0.07491631248969055,0.8
0.8149666652959651,0.005897526547500309,0.8
-1.983841957719386,-0.29257369357127416,0
-1.7403397114014885,0.3266192033915778,0
-1.7888084581814039,-0.23501789698317666,0
1.148961627186817,0.8096863102080065,0
-0.26731707113705605,-0.00391069072802841,0.8
-1.0433208766828086,-1.4284423441585758,0
1.7887938199173647,0.9209691640668884,0
-1.1981951865631504,-1.5432123840456327,0
0.6524296854886082,1.0213968549674943,0
-0.4594084160369811,1.4690529768663647,0
-1.187615506407187,0.41171639529444093,0
0.271748826411919,0.7871858356180677,0.8
0.8004801159215806,1.555714598915316,0
-0.3050738472635679,0.8859826061578446,0.8
-0.21264209678613932,-1.000291744714255,0
-0.3977786828306433,0.09020851094877935,0.8
-0.43181574160141123,-1.0588961366011977,0
-1.2694179418105116,0.04732371394118795,0
0.26333364571394835,-1.490970526347429,0
0.45032224730077797,1.7155843441665906,0
-1.3079964393112404,0.6325629260799861,0
-1.4188178663135336,1.6552060684831904,0
0.8528606634161155,1.3429592394194763,0
-0.6644327656629465,-0.5851775903806353,0.8
0.4589584519105263,1.823327211467216,0
1.9754342930062054,0.3059008211607055,0
0.4246849867240621,-0.6486230616936153,0.8
-1.6367050353519508,1.4345143468227874,0
-1.1692096658131912,0.39579006244622894,0
0.43800253570551284,1.9752454113798739,0
-1.725302662446516,0.5188780902664045,0
-0.8616711689589471,-1.5482803883409906,0
-1.6532006643015493,-1.5587777749657703,0
0.7622485266130159,-0.539885218153632,0.8
-0.5066223127824618,0.5193396999373125,0.8
0.2624904880743322,1.3260393093474434,0
0.38790512901312413,0.10031213347265133,0.8
-0.08844333005294036,1.9353791023681635,0
1.5253230116738536,-0.22306483119579568,0
-1.9093820506484076,0.7751132858208192,0
1.3741706643307197,0.11624257878015154,0
0.4820280444826355,-1.8184837912500447,0
1.8618882636827885,-0.5825454005348285,0
-0.9402520238058831,1.0112331419918474,0
-1.5651885130581702,-0.2657322468821546,0
1.2161577945219424,-1.5778858819482364,0
-0.5991193861100474,-0.9643386862714913,0
1.7881437234467237,1.3272115934980198,0
0.6046946542729352,-0.9854172267035266,0
-0.28867936659643645,1.653924758071958,0
-1.7734438266576507,-0.922996722088091,0
1.5039989362722217,-1.1816390850682303,0
0.3880305201152989,-1.5562046591556977,0
1.5507458624762545,-1.5185307338351572,0
0.40097060287366304,0.660397632056096,0.8
-0.5872175801187085,-0.05402501150787353,0.8
1.5401705778432975,1.6018252876418573,0
-1.1102874838029861,1.9015966235469928,0
-0.7113910968514121,0.907534955964016,0
-0.4596778936465178,1.7910039087444694,0
-0.28918764961003607,1.62986381380916,0
-1.7605955198428793,1.9146146244273257,0
0.9769992040460989,1.4781742580737478,0
-0.3084862032589033,0.3025994222703763,0.8
-1.1860929070651687,1.2089593909470584,0
1.1859089762671946,1.8311137646929216,0
1.602278057170734,-0.5429018438224227,0
0.30567515920666155,1.0254420161564881,0
0.6439620645681949,1.9738017864723365,0
-0.8036860026487576,-0.8843882616351517,0
0.9206659782539703,-1.7341471922458305,0
-1.9806700848778283,-0.5981000487396484,0
1.6559981377217343,-0.7011819641369459,0
0.7190991998839138,-0.9608279935883535,0
1.8066033233663745,0.13528397956578253,0
-0.12437127873751574,0.3679799774259811,0.8
0.36979444723043464,-0.13307449221981837,0.8
-1.4163862619027894,0.6867191496539053,0
-0.8716067041796944,1.026393855852202,0
1.4419280272138093,-1.237167874254137,0
-1.3391200833346706,0.9565063799752864,0
-0.2781875295419809,0.6744378512109095,0.8
-1.803161888280437,-1.906381348568325,0
1.5957783622149235,1.8076141413156055,0
-1.3284618050727635,1.90888857780751,0
0.7623415665816857,0.3231560982597812,0.8
-1.1380316413125149,-1.5960791906557215,0
-1.8409068126383556,1.7634006334068175,0
-0.8349006514573238,-0.2739249845486289,0.8
1.9101968105135039,-0.0969584719612655,0
-1.7625069917095555,-1.320922315518334,0
-0.13095511675843818,-0.044042540165125654,0.8
0.507541298808198,-1.5237553471724912,0
1.282983656297782,-0.3298281156562499,0
0.21917074864184727,-0.27167705177419244,0.8
-0.3419888816476142,0.07443016134792879,0.8
-0.1532186704241103,0.3052767090550592,0.8
-0.9018390126807412,1.1787699623963128,0
-1.1332177250968076,-0.5646580843739271,0
0.5165875139068481,1.9329127112425981,0
-1.9981753696734885,-0.07736564836814885,0
-0.14040190676412845,0.21804607016352096,0.8
-1.1730408556869536,1.0280327736062498,0
-1.9776076360710557,1.923084479003839,0
0.8063093323279369,-1.1426763211001356,0
-0.38548462426713925,-1.594672176889683,0
0.10822834306558393,-0.21838441546294884,0.8
1.2442510726614366,0.4731202996328281,0
1.8496735376519906,0.8159612359694064,0
-0.2901528435283449,-1.9184710734041905,0
-0.5630019630714469,-1.7729698565679333,0
1.6535633929341387,0.5286659937637279,0
0.2885869329869686,-1.2131844204053075,0
0.08649437917732117,-1.372555456476427,0
1.3864306382326776,-1.8822609967821604,0
-1.5895250771759093,1.1931407074709628,0
-0.4891824636807387,-0.6702186740748277,0.8
-1.3252086359931412,1.1267424572749491,0
1.978431824140725,-0.16468366682483238,0
-1.9495565600290456,0.11449252177172475,0
-0.7016794354398894,1.1702819240591276,0
1.7832898579491334,-0.5634743782711098,0
1.5099574709343777,0.5057905343887925,0
-1.0367506001194013,1.6037481404426983,0
-0.4781100903315867,-1.0298187844089335,0
-0.09246866450272329,0.6185429895215879,0.8
-1.6317476387643137,-0.23634662360825143,0
1.3389996010710163,-1.7526434582748216,0
-0.6652250988058608,-1.7786350759056826,0
-1.6079933179240489,1.9125412643575492,0
-0.4677076513589076,-1.7460559311231116,0
-0.43510402499416756,0.08647112455865269,0.8
0.6328792878722189,0.30412371354769174,0.8
-0.422845141688323,0.730070811568376,0.8
1.7617269767959467,1.922133631870837,0
-1.5721089232055796,-1.6528799968390864,0
1.2648870245565207,0.6789053842729436,0
0.3761198266214971,0.4864200851139686,0.8
1.6811495817676545,-0.19341099244610183,0
0.7062583078780951,1.7410729193604264,0
1.6727638599549675,-0.6986330763572357,0
-0.558765663523205,0.882583378584807,0
-0.45727767521449714,0.19766717810977807,0.8
1.1379537740298025,-1.2478295251147729,0
-0.6094043206588444,-1.9796664075464019,0
-0.5126438983447383,1.9140449675457885,0
-1.5595791133995571,-1.2295972282938257,0
-0.2379418124953534,-1.600631737099885,0
-0.5984224757336052,0.08768695223379108,0.8
1.5263613897980792,-0.6863911979004835,0
1.0430463818583515,-0.1818972000589878,0
1.1637128415757698,1.1040506971487245,0
-1.8037609776390888,-1.270997951230215,0
0.48629864605787354,0.18645340812617572,0.8
0.9147941867392428,0.3487749659822499,0.8
-0.2929157675399079,1.8616923042109126,0
1.8808145435698833,0.7249145390828216,0
-1.4316272479520649,1.1291872602540125,0
-1.680285053749977,1.2231238594129703,0
-0.19682473903305686,0.07406329058234151,0.8
-0.9861261683598785,-1.758401100841437,0
1.5557722460922347,0.2815175417275082,0
1.3325055743442245,-0.5052448480156047,0
-1.933715099577836,-0.5865398607500079,0
-0.5739877807526605,0.9805669118428182,0
-0.34931063352071234,-1.939384876162741,0
0.357116126888112,-1.303161227958483,0
-0.9368739984748005,-1.6446559571942818,0
-0.5147950825669079,-0.02583893629257572,0.8
-1.507213012356762,-0.33475287897873596,0
-1.2814087756701618,0.8298080678956086,0
-0.29716186770112785,1.586455289655388,0
-1.1110101202037996,-1.4626455573497328,0
0.7425374810065182,0.3069538413031485,0.8
-0.2813855987062692,-1.1953645563444741,0
-1.6785660846137085,-0.23679123487294618,0
-1.639220549456859,-1.8627606561072798,0
1.507589574743542,-1.8232379898978972,0
-0.3862603137966447,-0.12249983998085989,0.8
0.36822500300257444,-1.1023855605511734,0
-1.9752387700924547,-1.008593148261161,0
0.4480560910306428,0.48954117590465573,0.8
0.22856526764354435,-1.781373678450345,0
0.9126249087859359,-0.3727037366734751,0.8
-0.13617595052605402,1.5234396823876315,0
1.6938146864849757,-0.7800915491251894,0
-0.2561602651338335,-1.0753581767542775,0
1.3443534032316213,-1.656864039831485,0
-0.3608339337863882,-0.5127796411032794,0.8
-1.489650862378956,-0.25430258241501624,0
0.990162297175234,1.8695675897418997,0
1.5908920618693982,0.004613551023378015,0
-1.1179600890681076,1.5965126959932374,0
0.3276225194202049,1.8856375293056855,0
-1.85886361273384,-0.9922281208752328,0
0.3238282629398088,-1.8059565338370018,0
1.3980957977349724,0.9641254038343305,0
-0.8981378426713782,1.7425614354182035,0
-0.13879202863363416,-1.4899336385978112,0
-0.4909529159863304,1.483137060140801,0
-1.4826332229226562,-0.545699469540259,0
-0.03160807738632121,-1.6673436869826879,0
-1.860658891995055,-0.6926316102869801,0
1.316793367711543,-0.12291145528652381,0
-0.17509485357396048,1.5205845400719378,0
-1.209158878476083,1.527118259295015,0
-0.051985535503824565,0.7101294611232225,0.8
0.7047687416674044,-0.009321093892728172,0.8
-0.7527292714618117,-1.4227448767606456,0
-0.3038738493707607,-0.4568687382795207,0.8
1.2872069034911786,1.4361009905330224,0
0.082529151086145,1.2485068296198056,0
-0.1805453399321748,1.4177080291937796,0
1.4962168423362843,0.013551066836465786,0
1.161526251543235,-1.7531074318518352,0
1.2510564443316063,1.3305143262756096,0
-1.3242191650267832,1.1116371329019055,0
0.6377811154173374,-0.8865955985894565,0
-1.0260281530613415,-1.9581639729057851,0
0.32755574615488614,-1.950022294901958,0
0.10267094053013892,0.655363075441068,0.8
-0.6636348659981448,1.029992736837741,0
-1.2475457334203806,-1.104501558086774,0
-0.9967740501665023,-1.3290153679409067,0
-0.8940601874036331,0.7889398289166429,0
0.7523423695446838,-1.816699538876041,0
1.8655546146211108,-1.0863791300910353,0
1.2309565040749373,-0.06939774561935241,0
0.763092787841765,-1.108809536696048,0
0.9146933874150984,1.8042495343846157,0
0.13421315670618172,1.4287090340411566,0
-1.3906296737461945,0.12871092296262665,0
-0.7416918815427893,-1.02082075776943,0
0.25301552461722254,-1.6227769607518492,0
-0.34564520280288713,-0.4866699866527444,0.8
-0.7600076268473752,0.38591138977442085,0.8
0.9021704281068677,-0.8254215071724356,0
-1.979990930705601,-1.9524047604450834,0
-0.07888098999885607,1.155352763130106,0
-1.937810141542513,1.694283884011409,0
0.9437831980703342,0.586608087954525,0
0.017643582142149672,-0.41500166782648273,0.8
-0.27382763117650555,-0.22821684463820135,0.8
-0.30187356207273686,0.7573629514298355,0.8
0.6565252817999121,-1.5986541680656372,0
0.02390708636774308,1.3668003491183898,0
-1.5491135698473766,-1.3195657752904775,0
-0.2737665697721825,-0.8686692385694852,0.8
-0.8266540362663433,-1.1026321872146578,0
0.03895915227516333,-1.5511937929831414,0
-1.1172753252889502,0.7878790520744503,0
-1.1198087318077907,-1.212366524829136,0
1.5505641160628771,1.2649533544835019,0
0.30788193493623206,-0.9058328695978703,0.8
0.8258911681170615,1.6969091942252934,0
-0.619893314771236,0.0042294904275905765,0.8
0.02037287560619072,-0.2067019532680816,0.8
1.8090427749018376,1.5447300909978372,0
-1.754708095323668,0.6408283033467619,0
0.5826183715848674,0.635286589365375,0.8
0.20307163518523552,1.9452321997230286,0
0.17365049027279156,-1.2699641354852265,0
1.586077280332968,-0.8537444825652818,0
-0.6057315466917292,1.696041274882028,0
-1.705989236791912,-1.474757927438111,0
-0.7229174745618727,0.7486544017558119,0
0.4518915772602483,0.3382439361661369,0.8
1.7287231256038105,-0.9406396486102953,0
-0.3442397841879141,1.1706959938186206,0
-1.2305356291276577,-1.0481625682854574,0
-0.6993886192929435,-0.03502438621991599,0.8
-1.6104216669524622,0.8016314634596604,0
0.10627559661473462,-0.02067901319601484,0.8
-1.2391271850386576,1.5245084825875832,0
1.2761211323007133,0.9817282064459381,0
-0.18502269701508833,1.9348035168250983,0
1.0869934643283115,1.0731555822567147,0
0.05561843789517473,1.726917261015609,0
0.6527331977160697,1.4582253762343331,0
1.3370900975742703,1.2679716936566545,0
-1.1484373806517212,0.019719236102452076,0
-0.7889121190774828,-1.0851819934802722,0
0.4053834041102147,0.6600202799482044,0.8
-1.4857952385026718,0.9347003686055921,0
0.39654515260757917,-0.4581689799994577,0.8
-1.4447178795701139,1.3261640402899721,0
0.888844311448941,1.1222589730784254,0
-0.542398451204003,-1.6610412452139882,0
-0.6650364094179855,-1.9819119439586794,0
-1.6477463966375336,1.0822724875745768,0
-0.8093669980145952,0.2034172274297288,0.8
-0.6246707951606165,-0.7312948941562394,0.8
-0.571455224405891,-1.384719924379573,0
1.1284903811545761,-0.46092799879223634,0
1.813317541913798,-1.71006689655341,0
0.3119142739526146,-1.7066480115566303,0
-1.3714678805787255,-0.6084832887240781,0
1.7340198768102195,0.2569717483656966,0
0.6616374864022849,-0.17533159598348735,0.8
-1.7375849222045319,1.177349349533657,0
-1.4985150608979816,-1.4455202554640438,0
0.4925865804649514,-1.7239690384932898,0
0.1960017429705636,0.10093881244249303,0.8
-1.0003760783606523,0.1744535539423513,0
0.11877475448691444,-0.9611811912611383,0.8
-0.6055911235313172,1.2928220913547372,0
1.521647401806157,0.03399217389606468,0
0.5339208481465509,-1.1237399673213293,0
-1.6633213001850806,1.3680939945611899,0
1.467850765838831,-0.743253504243635,0
-0.4442512558564289,0.6182102134446348,0.8
0.372977820898579,1.0229261420033784,0
-0.24473787481878384,-1.6413595254850621,0
-0.3514055500685589,-1.9225389791192788,0
1.6762647692770587,1.3173346911463013,0
1.1387614718324266,-1.9138377934403121,0
1.9396169987620615,-0.9455292369995307,0
-0.07814415421701426,0.2553698990231501,0.8
1.7600020784489034,-1.0336114658441318,0
1.7538346839655583,1.7664321796243323,0
0.3401432833157392,1.024917045773691,0
0.3666869813200857,-0.3741286948869891,0.8
-0.19822328015543889,-0.6648393353553268,0.8
-0.455281662458507,-1.3790195397887821,0
0.6756989325853962,-1.6376670233850295,0
-1.958370263779142,-0.7880154251038212,0
0.8493610937275222,1.2413461090335849,0
1.4695862964422082,0.6622892434197682,0
-0.2598672923355818,-0.5238946872524282,0.8
-1.9660643446276733,-0.01631734582039046,0
-0.6412894588231377,1.9312390358877813,0
1.719420612712459,-1.715598133722629,0
0.8756494190802457,1.966287021153442,0
-0.5670239851611654,-0.6261400362399394,0.8
-1.9601870923399431,1.8921515949654961,0
-0.9959220850508586,-0.13575046236608346,0
1.313291553507153,0.5437200548370344,0
1.2418933423305947,0.7679147383080926,0
-0.6245486677759833,1.1232695917352236,0
0.11012608578563254,-0.8397383917510526,0.8
-1.4822757938680247,-0.005578248976910949,0
0.3564166934535833,1.1877576211491077,0
0.3053991453790994,0.10316606364650527,0.8
-1.0346307166470954,1.5058905368799254,0
-0.012743914009496926,-1.8827346535911271,0
0.018198557462380638,1.458496490449368,0
1.873231523948954,-0.23857669097130652,0
-0.7192185960369812,0.7212834077679071,0
-0.6088502039856669,-0.0109005059698708,0.8
-1.8291521264285837,-1.595459998116021,0
1.4073610517747657,-1.1894139223836415,0
-1.1585792455984971,1.677549856180402,0
-0.4568753091041535,-1.1975212687547625,0
-1.0643017260063536,1.3090043341328226,0
-1.1366145995775345,-0.5530957824241769,0
0.20167518500361314,-0.14760565803941272,0.8
1.7154428151158823,-0.3967755686685157,0
0.9438988592848436,1.9399439385129709,0
-1.8665358367481253,1.8175528418544213,0
-1.0642502772259776,0.2632886506804466,0
-1.4261127785729384,0.05066768893617368,0
-1.6966192242121392,1.4854812234145323,0
-1.0636260368817037,-1.233819230881835,0
-0.8472494693146038,-1.401959737311702,0
0.519869261284164,-0.6394496479033647,0.8
-0.289364744871456,-1.86694503924208,0
0.2242199853234732,0.7116310248648272,0.8
-1.5893160028007571,-0.67742401312222,0
-0.10880620137620234,1.988606891048431,0
-1.459745156689448,0.21676011809102436,0
-1.965642917652111,-0.15696407143825875,0
0.11422162794013246,-0.1644766429520237,0.8
-0.815149718901655,0.07440562047870536,0.8
-0.8110253261360572,0.12937466832645805,0.8
0.0027095816572924036,-0.2040224663856116,0.8
1.9119977122443519,-1.6026377185708576,0
-0.5724405767947207,-0.40574174788497164,0.8
-1.726033919281417,0.6119094419515418,0
0.9493637408520463,0.9377955918330314,0
-1.4421579964103484,-1.8535564935548225,0
-1.5877319945136366,0.7884475277695406,0
-0.7204849114735499,1.5171833698594717,0
0.2786618112972272,1.9107502586899057,0
-1.0071348818571395,-1.9189856130648328,0
0.31589809392245183,1.7027643623858388,0
-0.9996541311191489,-0.6126249868014666,0
1.3631291973977282,-1.522324384854659,0
-1.0799502792911948,-0.6419583219435423,0
-0.6743066902295789,0.39103715509606163,0.8
0.3397833603447209,-1.1914199600729507,0
1.0769709078379281,-0.5614468326512481,0
-0.4795905389049757,-1.6113476547342476,0
0.8612857327668078,0.4465115249655329,0.8
0.798692518281503,-1.3271347109845846,0
-0.7437067771524468,-0.328526814972657,0.8
1.435390880965417,0.7328061548615201,0
-1.7784192176939233,-0.8235968043936386,0
1.9018141532180994,0.45844869907086316,0
1.4445082640219096,-0.6558816037755473,0
1.113934635886817,-1.6351725341837673,0
0.9346345327877961,0.7028691320371467,0
-0.926903203716734,0.768626565012311,0
0.3449372314895949,0.02463786623339992,0.8
0.17991052372040084,1.02676786152453,0
-1.4169897630218138,1.8025818000525407,0
1.6437122252451464,0.5579851808155398,0
-1.9908101117459887,0.521461282888589,0
1.5982536919255739,-1.6228644216996928,0
1.8225897593598739,0.6187681287607787,0
-0.2281206408063987,0.35693329761514514,0.8
1.1317653474432396,-1.1053813443362301,0
-0.04374800834785253,1.6911444155839113,0
0.7403362897300343,-1.3906791310841427,0
0.4722102730102695,-1.1674242327461806,0
-1.8547611134361786,-1.8951844054417122,0
0.45518410810158505,0.7242556126449897,0.8
1.8465941021072299,-0.6687851947275956,0
0.04608897719217353,1.7484659138371037,0
1.8114833373934647,-1.5431194650919622,0
-0.25893863572327147,-1.622237804057555,0
-1.0524351419746902,-1.125235095138808,0
-1.3226449557741167,-1.6462176561083086,0
0.3962633848528214,1.1624906754452682,0
1.2687548379650688,1.1687020169857574,0
-0.765747627187134,0.31986178131580667,0.8
1.4697940944093597,-1.7095035137883463,0
0.8375895735441574,-0.4499131649094177,0.8
-0.5206717831781824,0.43545065395910765,0.8
1.9388423329162192,0.4117937042574922,0
1.9857278409054593,-0.2665571425375486,0
0.8943170866447243,1.085975325628897,0
1.1923687205750344,1.2641860079158946,0
-0.820648664437801,0.9601493489783812,0
0.5805634475534505,1.1629920108508416,0
-1.8918486558758492,-0.00845269477610966,0
-1.8780392007743942,-0.5060323593602627,0
-0.29740411245021914,1.3975341721761279,0
0.8404093748234875,0.9114633580810558,0
1.5241375731279887,-0.9139495635939308,0
-0.8362561918892624,-1.8475537924785899,0
-1.0966707307660806,-1.969041285342295,0
1.0764700336308097,-1.977534250262348,0
1.7201731635516069,-0.07417105332857865,0
-1.734231822754881,-1.1503379632408683,0
1.6176209173955751,-1.3249509389520022,0
-1.5764796982515792,1.832606520195852,0
-0.5564873308800693,-0.44477088241926843,0.8
-0.58294472811636,-0.16768585781608092,0.8
1.1546229226641347,-1.65203512905904,0
0.5843513739828419,-1.0057986191733344,0
1.3952953640858605,0.6896357189341531,0
0.9866474076980918,-1.4190601328347578,0
-1.6115785377814085,0.3228474323445809,0
0.4485943061124189,1.3726643047133371,0
-0.2909886012369993,0.08992365566093641,0.8
-1.3674944445681647,-0.5239724231890581,0
-0.9164478660855968,-0.11876569648868429,0.8
-0.6276638219972077,-0.8570963621535417,0
1.6353439902388396,1.8489392294835887,0
1.808692127756352,0.28939007498351677,0
-0.07151393940411221,-1.74560783206694,0
-0.9811448941217051,1.5796936893691962,0
1.8285930280461682,1.1626815522637726,0
-1.1820325207323399,0.047158400020054,0
-1.4086384299226578,-0.3754947943304012,0
0.8561317845771113,0.7110009822369454,0
0.5736976464678714,-1.7970660927094646,0
-0.3701830228011058,0.9827163589024277,0
-0.17004415357330993,1.5396878019515454,0
1.7506509481202661,1.343512782078363,0
1.079905765182899,-0.2473798415314561,0
0.9577187921386408,-0.7196543563518332,0
1.1688553988277732,-0.8425961719608788,0
0.5349521708310512,-0.6898563313310233,0.8
0.9892564994526407,-0.2261910791636832,0
-0.36960185687459823,0.21887246475410604,0.8
0.6407793692628814,1.3883609424430872,0
0.1885192246827554,-1.8420835248172627,0
-1.3865591315907464,-0.25869403265140534,0
0.9325965401274052,-1.607873440853941,0
-1.3028975586602027,0.5719386901740382,0
0.9558985702587948,-1.3881198794312644,0
1.9346594439094322,-1.474180121591016,0
-0.7093775173047692,0.7815014168852348,0
0.49347734093166995,-0.7090499290619725,0.8
-0.759325565074485,1.5267496954218944,0
-1.7944544802738318,0.35969937435830124,0
-0.6340413410834493,1.8028699956580256,0
-1.0850092952871053,-0.4980570978427745,0
-0.014897804633678735,1.7326622666794087,0
-0.13905431572027283,-0.8616777925156964,0.8
0.25734881786988817,-0.5897854304435,0.8
-0.6118174356436379,-0.5677465392002525,0.8
-0.0005951887876727291,1.5053410128874565,0
1.5271043043736232,0.07177723308542028,0
-0.5671617070300883,-1.5165060714884322,0
-0.38979661739778804,-1.5141107852632048,0
1.7359469629024242,1.6043026433694387,0
0.5361829798058269,-1.2336115478243825,0
1.7411082018169042,-1.8920458818139592,0
-1.913955503554996,0.9488730253379316,0
-1.658669166714469,0.5160012604355124,0
0.765760769077152,1.671204032870027,0
-0.8852253171890867,-0.4555270105457079,0.8
0.5232319081550827,-1.5751019650971716,0
0.9551897395207041,-0.5328090741200673,0
0.5862074915020128,0.00913928007956688,0.8
-1.4881634496835585,0.5079449354476613,0
-0.8039130079704089,-1.911852157407155,0
-0.8996349958734515,-1.3614998167093901,0
